cohort,variant,binary_sha256,zones,distribution,requested_qps,tx_packets,positive_packets,duration_s,positive_qps,loss_percent,cold_probes,cold_timeouts,gate_pass,instrumented,evidence
uniform-guard,on,b8d33e52141e898f445a13d450d058c1b1392a6bc4c08a60e5655138c8295236,1000,uniform,17000000,510204928,510204736,30.000247408,17006684.280341852,3.7631937573131395e-05,2574,0,True,False,relative-reuse-authcap-boron-small-00-uniform
uniform-guard,on,b8d33e52141e898f445a13d450d058c1b1392a6bc4c08a60e5655138c8295236,1000,uniform,17000000,510205184,510205184,30.000210496,17006720.138447925,0.0,2573,0,True,False,relative-reuse-authcap-boron-small-10-uniform
uniform-guard,on,b8d33e52141e898f445a13d450d058c1b1392a6bc4c08a60e5655138c8295236,1000,uniform,17000000,510205632,510205568,30.000220896,17006727.042734105,1.2543961882412149e-05,2574,0,True,False,relative-reuse-authcap-boron-small-20-uniform
uniform-guard,on,b8d33e52141e898f445a13d450d058c1b1392a6bc4c08a60e5655138c8295236,100000,uniform,13000000,390116992,390116992,30.0001664,13003827.605436215,0.0,2575,0,True,False,relative-reuse-authcap-boron-large-00-uniform
uniform-guard,on,b8d33e52141e898f445a13d450d058c1b1392a6bc4c08a60e5655138c8295236,100000,uniform,13000000,390116928,390116928,30.000267824,13003781.509174036,0.0,2575,0,True,False,relative-reuse-authcap-boron-large-10-uniform
uniform-guard,on,b8d33e52141e898f445a13d450d058c1b1392a6bc4c08a60e5655138c8295236,100000,uniform,13000000,390116672,390108928,30.000252128,13003521.648269795,0.0019850471809623148,2575,0,True,False,relative-reuse-authcap-boron-large-20-uniform
uniform-14M,off,c0994731b3ae1f23216d6faeaafb2f267fecc8a512123133b366e35572e35431,100000,uniform,14000000,419873920,419873920,30.000122112,13995740.365071751,0.0,2574,0,True,False,relative-reuse-authority-u14-off-00-uniform
uniform-14M,on,b8d33e52141e898f445a13d450d058c1b1392a6bc4c08a60e5655138c8295236,100000,uniform,14000000,419873920,419873920,30.000209728,13995699.490331242,0.0,2574,0,True,False,relative-reuse-authority-u14-on-10-uniform
uniform-14M,on,b8d33e52141e898f445a13d450d058c1b1392a6bc4c08a60e5655138c8295236,100000,uniform,14000000,419873920,419873920,30.000210768,13995699.005150404,0.0,2574,0,True,False,relative-reuse-authority-u14-on-20-uniform
uniform-14M,off,c0994731b3ae1f23216d6faeaafb2f267fecc8a512123133b366e35572e35431,100000,uniform,14000000,419874112,419874112,30.000250416,13995686.90853557,0.0,2575,0,True,False,relative-reuse-authority-u14-off-30-uniform
uniform-14M,off,c0994731b3ae1f23216d6faeaafb2f267fecc8a512123133b366e35572e35431,100000,uniform,14000000,419873728,419808278,30.00026408,13993486.08667314,0.015588019834382207,2556,1,False,False,relative-reuse-authority-u14-off-40-uniform
uniform-14M,on,b8d33e52141e898f445a13d450d058c1b1392a6bc4c08a60e5655138c8295236,100000,uniform,14000000,419873856,419873856,30.000212752,13995695.946256535,0.0,2575,0,True,False,relative-reuse-authority-u14-on-50-uniform
failed-mixed-guard,on,b8d33e52141e898f445a13d450d058c1b1392a6bc4c08a60e5655138c8295236,100000,hot,19000000,569799616,569783270,30.000246688,18992619.49162276,0.0028687278020208423,2556,1,False,False,relative-reuse-authority-mixed-pilot0-hot
million-uniform-guard,on,b8d33e52141e898f445a13d450d058c1b1392a6bc4c08a60e5655138c8295236,1000000,uniform,7000000,210010880,210010880,30.000300128,7000292.633872413,0.0,2578,0,True,False,relative-reuse-authm7-boron-million-00-uniform
million-uniform-guard,on,b8d33e52141e898f445a13d450d058c1b1392a6bc4c08a60e5655138c8295236,1000000,uniform,7000000,210010560,210010560,30.000224736,7000299.559355941,0.0,2578,0,True,False,relative-reuse-authm7-boron-million-10-uniform
million-uniform-guard,on,b8d33e52141e898f445a13d450d058c1b1392a6bc4c08a60e5655138c8295236,1000000,uniform,7000000,210010816,210010816,30.000224848,7000308.066491063,0.0,2578,0,True,False,relative-reuse-authm7-boron-million-20-uniform
