experiment,zones,variant,instrumented,requested_qps,tx_packets,positive_packets,duration_seconds,positive_qps,loss_percent,cold_probes,cold_errors,passed,cycles_per_query,instructions_per_query,llc_misses_per_query,dtlb_misses_per_query,anonymous_bytes,binary_sha256,label
cpu-screen,100000,off,True,7000000,210010752,210010752,30.000312448,7000285.492493282,0.0,2578,0,True,2092.777701695576,5506.6303201062665,7.748765329267667,9.470086806264176,3222593536,b6212c9071bb67c0cf746010f2277c2bf9677d72bc505bd9f324aa0c7b97c6b7,relative-reuse-qprep-r1-off-00-uniform
cpu-screen,100000,on,True,7000000,210010688,210010688,30.000256512,7000296.411332231,0.0,2577,0,True,1898.2468661033856,4720.751967541842,7.976463450614435,9.628195115199103,3220316160,e8c30656647420eb0850c3815ba9ce83abc69d8259e0c8ca822b873d07717a1f,relative-reuse-qprep-r1-on-10-uniform
cpu-screen,100000,on,True,7000000,210010688,210010688,30.00023912,7000300.469605057,0.0,2577,0,True,1901.4631064210475,4719.730625684305,8.058757567749096,9.622641881457678,3217805312,e8c30656647420eb0850c3815ba9ce83abc69d8259e0c8ca822b873d07717a1f,relative-reuse-qprep-r1-on-20-uniform
cpu-screen,100000,off,True,7000000,210010624,210010624,30.000200784,7000307.281676758,0.0,2578,0,True,2107.6679686702573,5512.536848990374,7.822183193160529,9.66769095235036,3220897792,b6212c9071bb67c0cf746010f2277c2bf9677d72bc505bd9f324aa0c7b97c6b7,relative-reuse-qprep-r1-off-30-uniform
cpu-screen,1000,off,True,7000000,210010880,210010112,30.00034264,7000257.114396744,0.0003656953392129017,2577,0,True,1897.8089411437254,5510.652426143364,5.527209989426651,8.606856758907854,739450880,b6212c9071bb67c0cf746010f2277c2bf9677d72bc505bd9f324aa0c7b97c6b7,relative-reuse-qprepsmall-r1-off-00-uniform
cpu-screen,1000,on,True,7000000,210010880,210010880,30.000303424,7000291.864781374,0.0,2577,0,True,1692.2533378202743,4726.21638500185,5.690060868112135,8.688082402018663,739221504,e8c30656647420eb0850c3815ba9ce83abc69d8259e0c8ca822b873d07717a1f,relative-reuse-qprepsmall-r1-on-10-uniform
cpu-screen,1000,on,True,7000000,210011136,210011136,30.000265232,7000309.309798704,0.0,2578,0,True,1688.7315245054567,4724.265875843074,5.691603264114542,8.656303964064113,740122624,e8c30656647420eb0850c3815ba9ce83abc69d8259e0c8ca822b873d07717a1f,relative-reuse-qprepsmall-r1-on-20-uniform
cpu-screen,1000,off,True,7000000,210010880,210010880,30.000226848,7000309.733124589,0.0,2578,0,True,1895.4272575466323,5513.992333099525,5.496881057659067,8.626928058100749,739590144,b6212c9071bb67c0cf746010f2277c2bf9677d72bc505bd9f324aa0c7b97c6b7,relative-reuse-qprepsmall-r1-off-30-uniform
fixed-20m,100000,off,False,20000000,599999808,599999808,30.000200112,19999860.19293257,0.0,2574,0,True,,,,,,3e50f8c78c54c795def173bb62e0ea1179c696c45a9f28eb32027232d5adef58,relative-reuse-qprepcap-r1-off-00
fixed-20m,100000,on,False,20000000,599999616,599981925,30.000201936,19999262.880961698,0.002948501887041208,2574,0,True,,,,,,44f281728313c3e3334864df44c5dc21d4367c069f398f5743ebc8bf1724fa70,relative-reuse-qprepcap-r1-on-10
fixed-20m,100000,on,False,20000000,599999232,599999232,30.000207024,19999836.38512907,0.0,2574,0,True,,,,,,44f281728313c3e3334864df44c5dc21d4367c069f398f5743ebc8bf1724fa70,relative-reuse-qprepcap-r1-on-20
fixed-20m,100000,off,False,20000000,599999616,599998400,30.000116288,19999869.141840573,0.00020266679637341635,2574,0,True,,,,,,3e50f8c78c54c795def173bb62e0ea1179c696c45a9f28eb32027232d5adef58,relative-reuse-qprepcap-r1-off-3-resume0
ascending-capacity,100000,off,False,22000000,660065472,660065408,30.000198768,22002034.48998695,9.69600785299068e-06,2573,0,True,,,,,,3e50f8c78c54c795def173bb62e0ea1179c696c45a9f28eb32027232d5adef58,relative-reuse-qprepladder-r1-off-00
ascending-capacity,100000,off,False,24000000,720287744,720246230,30.000178848,24008064.540189102,0.005763529970600194,2574,0,True,,,,,,3e50f8c78c54c795def173bb62e0ea1179c696c45a9f28eb32027232d5adef58,relative-reuse-qprepladder-r1-off-00
ascending-capacity,100000,off,False,26000000,779431040,694510761,30.000269808,23150150.49680649,10.895162579103856,932,87,False,,,,,,3e50f8c78c54c795def173bb62e0ea1179c696c45a9f28eb32027232d5adef58,relative-reuse-qprepladder-r1-off-00
ascending-capacity,100000,on,False,22000000,660065216,660065024,30.000206864,22002015.75250045,2.908803484048461e-05,2574,0,True,,,,,,44f281728313c3e3334864df44c5dc21d4367c069f398f5743ebc8bf1724fa70,relative-reuse-qprepladder-r1-on-10
ascending-capacity,100000,on,False,24000000,720287168,720192588,30.000210064,24006251.50502613,0.01313087393499144,2516,3,False,,,,,,44f281728313c3e3334864df44c5dc21d4367c069f398f5743ebc8bf1724fa70,relative-reuse-qprepladder-r1-on-10
ascending-capacity,100000,on,False,22000000,660064960,660060707,30.000196512,22001879.44555555,0.0006443305216504751,2574,0,True,,,,,,44f281728313c3e3334864df44c5dc21d4367c069f398f5743ebc8bf1724fa70,relative-reuse-qprepladder-r1-on-20
ascending-capacity,100000,on,False,24000000,720287872,720205112,30.000242096,24006643.33625583,0.011489850546865795,2422,8,False,,,,,,44f281728313c3e3334864df44c5dc21d4367c069f398f5743ebc8bf1724fa70,relative-reuse-qprepladder-r1-on-20
ascending-capacity,100000,off,False,22000000,660065408,660065216,30.000209616,22002020.134151585,2.908802637934936e-05,2574,0,True,,,,,,3e50f8c78c54c795def173bb62e0ea1179c696c45a9f28eb32027232d5adef58,relative-reuse-qprepladder-r1-off-30
ascending-capacity,100000,off,False,24000000,720287232,718920483,30.000251392,23963815.289618224,0.1897505521797171,2008,30,False,,,,,,3e50f8c78c54c795def173bb62e0ea1179c696c45a9f28eb32027232d5adef58,relative-reuse-qprepladder-r1-off-30
normal-guard,1000,on,False,17000000,510204608,510204608,30.000199344,17006707.260498263,0.0,2574,0,True,,,,,,44f281728313c3e3334864df44c5dc21d4367c069f398f5743ebc8bf1724fa70,relative-reuse-qprepguard-r1-small-00
normal-guard,0,on,False,26000000,780233024,780224935,30.000214848,26007311.579370726,0.0010367415568403318,0,0,True,,,,,,44f281728313c3e3334864df44c5dc21d4367c069f398f5743ebc8bf1724fa70,relative-reuse-qprepguard-r1-anchor-00
normal-guard,1000,on,False,17000000,510204096,510193600,30.000103984,17006394.38690287,0.002057215942068799,2575,0,True,,,,,,44f281728313c3e3334864df44c5dc21d4367c069f398f5743ebc8bf1724fa70,relative-reuse-qprepguard-r1-small-10
normal-guard,0,on,False,26000000,780233856,780223497,30.000223552,26007256.100862805,0.0013276788645275091,0,0,True,,,,,,44f281728313c3e3334864df44c5dc21d4367c069f398f5743ebc8bf1724fa70,relative-reuse-qprepguard-r1-anchor-10
normal-guard,1000,on,False,17000000,510204608,510204608,30.000217568,17006696.929565415,0.0,2574,0,True,,,,,,44f281728313c3e3334864df44c5dc21d4367c069f398f5743ebc8bf1724fa70,relative-reuse-qprepguard-r1-small-20
normal-guard,0,on,False,26000000,780233088,780220020,30.00012848,26007222.619734593,0.0016748841084781065,0,0,True,,,,,,44f281728313c3e3334864df44c5dc21d4367c069f398f5743ebc8bf1724fa70,relative-reuse-qprepguard-r1-anchor-20
