server,zones,distribution,target_qps,offered_qps,positive_qps,loss_percent,cold_probes,cold_timeouts,cold_other_errors,cold_p99_us,passed,ready_seconds,anonymous_bytes,binary_sha256,evidence_label
BoronDNS staged/group,1000,hot,22000000,22002031.232501697,22002031.232501697,0.0,2575,0,0,592.9116159677505,True,1.0261594650801271,738631680,ed4fb9f94f85e895420bdff40a8e13bb488ce9b5f176777681d3291272f98a0b,relative-reuse-oct1-0b0-hot
BoronDNS staged/group,1000,zipf,22000000,22002065.75997613,22002048.693433035,7.756791240410789e-05,2574,0,0,694.8802620172501,True,1.0261594650801271,738631680,ed4fb9f94f85e895420bdff40a8e13bb488ce9b5f176777681d3291272f98a0b,relative-reuse-oct1-0b0-zipf
BoronDNS staged/group,1000,uniform,22000000,22002152.41146624,22002090.545021866,0.0002811836006742977,2574,0,0,748.0643689632416,True,1.0261594650801271,738631680,ed4fb9f94f85e895420bdff40a8e13bb488ce9b5f176777681d3291272f98a0b,relative-reuse-oct1-0b0-uniform
Knot 3.6.0,1000,hot,21250000,21253747.674004663,21253746.607349,5.01867096157836e-06,2574,0,0,1048.4009981155396,True,3.18648186896462,680955904,dc2103fca92d3c63f959c245f6b4d9737ee932aa30a47dc2b2bf52371b95b89d,relative-reuse-oct1-1k0-hot
Knot 3.6.0,1000,zipf,18500000,18501270.153270893,18501259.486689847,5.765323653739274e-05,2575,0,0,1028.5265743732452,True,3.18648186896462,680955904,dc2103fca92d3c63f959c245f6b4d9737ee932aa30a47dc2b2bf52371b95b89d,relative-reuse-oct1-1k0-zipf
Knot 3.6.0,1000,uniform,16000000,15999814.6410313,15999430.545378648,0.0024006256401668375,2574,0,0,1119.7123676538467,True,3.18648186896462,680955904,dc2103fca92d3c63f959c245f6b4d9737ee932aa30a47dc2b2bf52371b95b89d,relative-reuse-oct1-1k0-uniform
Knot 3.6.0,10000,hot,19250000,19249130.185139056,19249128.05181996,1.1082677885292067e-05,2575,0,0,931.2313050031662,True,3.2091482729883865,729001984,dc2103fca92d3c63f959c245f6b4d9737ee932aa30a47dc2b2bf52371b95b89d,relative-reuse-oct1-2k0-hot
Knot 3.6.0,10000,zipf,13000000,13003840.50808791,13003840.50808791,0.0,2575,0,0,1100.1136153936386,True,3.2091482729883865,729001984,dc2103fca92d3c63f959c245f6b4d9737ee932aa30a47dc2b2bf52371b95b89d,relative-reuse-oct1-2k0-zipf
Knot 3.6.0,10000,uniform,9500000,9501160.883120287,9501131.11661293,0.00031329337248885364,2575,0,0,1086.575910449028,True,3.2091482729883865,729001984,dc2103fca92d3c63f959c245f6b4d9737ee932aa30a47dc2b2bf52371b95b89d,relative-reuse-oct1-2k0-uniform
BoronDNS staged/group,10000,hot,22000000,22002025.072060123,22001986.67234215,0.00017452810750931422,2574,0,0,588.7039005756378,True,3.5910952859558165,956108800,ed4fb9f94f85e895420bdff40a8e13bb488ce9b5f176777681d3291272f98a0b,relative-reuse-oct1-3b0-hot
BoronDNS staged/group,10000,zipf,22000000,22002197.492931068,22002049.193390124,0.0006740214971316409,2574,0,0,695.742666721344,True,3.5910952859558165,956108800,ed4fb9f94f85e895420bdff40a8e13bb488ce9b5f176777681d3291272f98a0b,relative-reuse-oct1-3b0-zipf
BoronDNS staged/group,10000,uniform,22000000,22002182.827199794,22002116.92744132,0.00029951463902719923,2573,0,0,836.3351225852966,True,3.5910952859558165,956108800,ed4fb9f94f85e895420bdff40a8e13bb488ce9b5f176777681d3291272f98a0b,relative-reuse-oct1-3b0-uniform
BoronDNS staged/group,100000,hot,24000000,24009471.885399397,24009468.018751644,1.610467639818579e-05,2574,0,0,1092.0651257038116,True,13.727722259005532,3221815296,ed4fb9f94f85e895420bdff40a8e13bb488ce9b5f176777681d3291272f98a0b,relative-reuse-oct1-4b0-hot
BoronDNS staged/group,100000,zipf,23000000,22988327.872557018,22987527.34504128,0.0034823216380840986,2556,1,0,891.2961930036545,False,13.727722259005532,3221815296,ed4fb9f94f85e895420bdff40a8e13bb488ce9b5f176777681d3291272f98a0b,relative-reuse-oct1-4b0-zipf
BoronDNS staged/group,100000,uniform,23000000,22988365.070395947,22988303.73735217,0.00026680037309364174,2573,0,0,1342.94293820858,True,13.727722259005532,3221815296,ed4fb9f94f85e895420bdff40a8e13bb488ce9b5f176777681d3291272f98a0b,relative-reuse-oct1-4b0-uniform
Knot 3.6.0,100000,hot,19000000,18993227.107126378,18993227.107126378,0.0,2574,0,0,962.8795087337494,True,7.594015285954811,1206792192,dc2103fca92d3c63f959c245f6b4d9737ee932aa30a47dc2b2bf52371b95b89d,relative-reuse-oct1-5kr10-hot
Knot 3.6.0,100000,zipf,6000000,6000567.532114742,6000566.465453372,1.7776008077418072e-05,2578,0,0,950.222834944725,True,7.594015285954811,1206792192,dc2103fca92d3c63f959c245f6b4d9737ee932aa30a47dc2b2bf52371b95b89d,relative-reuse-oct1-5kr10-zipf
Knot 3.6.0,100000,uniform,6000000,6000528.471614072,6000504.30523333,0.0004027375398226879,2578,0,0,1112.0643466711044,True,7.594015285954811,1206792192,dc2103fca92d3c63f959c245f6b4d9737ee932aa30a47dc2b2bf52371b95b89d,relative-reuse-oct1-5kr10-uniform
Knot 3.6.0,1000000,hot,17000000,17006699.412771687,17006699.412771687,0.0,2575,0,0,909.632071852684,True,69.91564703697804,5976387584,dc2103fca92d3c63f959c245f6b4d9737ee932aa30a47dc2b2bf52371b95b89d,relative-reuse-oct1-6k0-hot
Knot 3.6.0,1000000,zipf,5500000,5500490.111694781,5500479.478477994,0.00019331398787534668,2579,0,0,948.6544877290726,True,69.91564703697804,5976387584,dc2103fca92d3c63f959c245f6b4d9737ee932aa30a47dc2b2bf52371b95b89d,relative-reuse-oct1-6k0-zipf
Knot 3.6.0,1000000,uniform,3500000,3500156.7128758393,3500156.7128758393,0.0,2584,0,0,951.1988610029221,True,69.91564703697804,5976387584,dc2103fca92d3c63f959c245f6b4d9737ee932aa30a47dc2b2bf52371b95b89d,relative-reuse-oct1-6k0-uniform
BoronDNS staged/group,1000000,hot,19750000,19743218.98571494,19743218.98571494,0.0,2575,0,0,517.3925310373306,True,351.47064403200056,26160709632,ed4fb9f94f85e895420bdff40a8e13bb488ce9b5f176777681d3291272f98a0b,relative-reuse-oct1-7b0-hot
BoronDNS staged/group,1000000,zipf,15000000,15003643.833227498,15003643.833227498,0.0,2574,0,0,516.2730813026428,True,351.47064403200056,26160709632,ed4fb9f94f85e895420bdff40a8e13bb488ce9b5f176777681d3291272f98a0b,relative-reuse-oct1-7b0-zipf
BoronDNS staged/group,1000000,uniform,15000000,15003687.648531783,15003687.648531783,0.0,2573,0,0,527.3446440696716,True,351.47064403200056,26160709632,ed4fb9f94f85e895420bdff40a8e13bb488ce9b5f176777681d3291272f98a0b,relative-reuse-oct1-7b0-uniform
