variant,artifact_sha256,zones,distribution,target_qps,offered_qps,positive_qps,loss_percent,cold_probes,cold_timeouts,cold_other_errors,accepted,scope,evidence_label
off,390a7621a0ba228f905e1fce4a6244231bedbd81880ca981a9e15f9fcbb0ffda,100000,uniform,21000000,21008275.570589136,21008275.570589136,0.0,2573,0,0,true,matched_ABBA,relative-reuse-xdpgroup-cal-r7-abba21-off-0-uniform
on,69dea09b85d5653b8df4b578f23cdd92af0d92b7a33429d7c95c759beed5fb9d,100000,uniform,21000000,21008201.196033735,21008201.196033735,0.0,2574,0,0,true,matched_ABBA,relative-reuse-xdpgroup-cal-r7-abba21-on-1-uniform
on,69dea09b85d5653b8df4b578f23cdd92af0d92b7a33429d7c95c759beed5fb9d,100000,uniform,21000000,21008232.608565427,21008232.608565427,0.0,2573,0,0,true,matched_ABBA,relative-reuse-xdpgroup-cal-r7-abba21-on-2-uniform
off,390a7621a0ba228f905e1fce4a6244231bedbd81880ca981a9e15f9fcbb0ffda,100000,uniform,21000000,21008285.32496012,21008283.191637456,0.000010154672931693678,2574,0,0,true,matched_ABBA_resumed_after_pretraffic_maintenance_deferral,relative-reuse-xdpgroup-cal-r7-abba21-off-3r0-uniform
off,390a7621a0ba228f905e1fce4a6244231bedbd81880ca981a9e15f9fcbb0ffda,100000,uniform,22000000,22002084.47611214,21945242.889985222,0.25834636799357114,2536,2,0,false,current_capacity,relative-reuse-xdpgroup-cal-r4-off-00-uniform
on,69dea09b85d5653b8df4b578f23cdd92af0d92b7a33429d7c95c759beed5fb9d,100000,uniform,22000000,22002038.791750114,22002028.125148933,0.00004848005806747435,2573,0,0,true,current_capacity,relative-reuse-xdpgroup-cal-r4-on-diag-0-uniform-r1
on,69dea09b85d5653b8df4b578f23cdd92af0d92b7a33429d7c95c759beed5fb9d,100000,uniform,23000000,22988429.057712376,22988429.057712376,0.0,2574,0,0,true,current_capacity,relative-reuse-xdpgroup-cal-r5-on-cap-0-uniform-r0
on,69dea09b85d5653b8df4b578f23cdd92af0d92b7a33429d7c95c759beed5fb9d,100000,uniform,24000000,24009495.011231866,24002901.80380017,0.027460833426999613,2328,13,0,false,current_capacity_stop,relative-reuse-xdpgroup-cal-r5-on-cap-0-uniform-r1
on_32_rounds,790e1ab3c88218cb0ddc6e15c5a8d9c4f9232fcc85ccf1f2c96a8eac73f0f2dc,100000,uniform,24000000,24009454.516605422,24001891.819690004,0.03149882855600869,2385,10,0,false,rejected_scheduler_diagnostic,relative-reuse-xdpgroup-r6-r2-cap-0-uniform
on_irq_on_owner,69dea09b85d5653b8df4b578f23cdd92af0d92b7a33429d7c95c759beed5fb9d,100000,uniform,24000000,24009520.995282125,22132107.74072406,7.819453186621146,266,123,0,false,rejected_irq_diagnostic,relative-reuse-xdpgroup-irqhot-r1-0-uniform
on_rx_ring_4096,69dea09b85d5653b8df4b578f23cdd92af0d92b7a33429d7c95c759beed5fb9d,100000,uniform,24000000,24009439.839589182,24002571.812024485,0.02860553020221531,2241,18,0,false,rejected_ring_diagnostic,relative-reuse-xdpgroup-ring4k-r1-0-uniform
on_repeated_serial,69dea09b85d5653b8df4b578f23cdd92af0d92b7a33429d7c95c759beed5fb9d,100000,hot,23000000,22988341.57963921,20632604.461271144,10.247529645437945,694,100,0,false,hot_dispatch_baseline_stop,relative-reuse-xdpgroup-cal-r10-large23-hot-00-hot
on_hot_staged,ed4fb9f94f85e895420bdff40a8e13bb488ce9b5f176777681d3291272f98a0b,100000,hot,23000000,22988337.521598935,22988314.055112552,0.00010207996276122958,2574,0,0,true,hot_dispatch_candidate,relative-reuse-hotbatch-r1-hot230-hot
on_hot_staged,ed4fb9f94f85e895420bdff40a8e13bb488ce9b5f176777681d3291272f98a0b,100000,uniform,23000000,22988364.555590037,22988336.789080847,0.00012078505681729073,2574,0,0,true,distribution_regression_guard,relative-reuse-hotbatch-r1-uniform230-uniform
on_hot_staged,ed4fb9f94f85e895420bdff40a8e13bb488ce9b5f176777681d3291272f98a0b,100000,zipf,23000000,22988343.73744898,22988326.670892976,0.00007424004181199155,2575,0,0,true,distribution_regression_guard,relative-reuse-hotbatch-r1-zipf230-zipf
on_hot_staged,ed4fb9f94f85e895420bdff40a8e13bb488ce9b5f176777681d3291272f98a0b,100000,hot,24000000,24009423.472266268,24009371.472588528,0.0002165802848232887,2574,0,0,true,hot_capacity,relative-reuse-hotbatch-r1-hot240-hot
on_hot_staged,ed4fb9f94f85e895420bdff40a8e13bb488ce9b5f176777681d3291272f98a0b,100000,hot,25000000,24999799.494821668,24999173.16613753,0.0025053348298533385,2555,1,0,false,hot_capacity_stop,relative-reuse-hotbatch-r1-hot-cap0-hot-r0
on_busy_poll_10_owner,c2d147acaec529ff5f818b0c9a3724cc060ab2a80e4fdf23d6b446f52669b459,100000,uniform,24000000,24009457.81783371,24003883.914537027,0.023215448424424946,2272,16,0,false,rejected_socket_busy_poll,relative-reuse-busypoll-r1-uniform240-uniform
on_busy_poll_20_owner_napi,c2d147acaec529ff5f818b0c9a3724cc060ab2a80e4fdf23d6b446f52669b459,100000,uniform,24000000,24009507.782908116,20013580.725112047,16.643102782143195,281,122,0,false,rejected_socket_and_napi_busy_poll,relative-reuse-busypoll20-napi-r1-uniform240-uniform
on_fused_answer_cache,abf5b05fa846e024057772bc08e196959101b1bb424c5188675179fe5288b9e8,100000,uniform,24000000,24009401.35563703,23817474.906359985,0.7993804028436651,1336,66,0,false,rejected_duplicated_worker_cache,relative-reuse-fused-cache-r1-uniform2400-uniform
on_compact_layout_24_byte_key,aa8652fc8df0278a86965bc07d63f28d1f0b54da04ebcc659206f55b8a6c3373,100000,uniform,24000000,24009410.803247564,14473430.219851075,39.71767846175813,265,123,0,false,rejected_corpus_fallback_boundary,relative-reuse-compact-layout-r1-uniform2400-uniform
on_compact_layout_32_byte_key,0de20feb5a3bb478a875c0c2463a05e331f2deb37a8a1869281c02fab41823f2,100000,uniform,24000000,24009426.49941903,24004859.762101263,0.019020601420357438,2310,14,0,false,rejected_capacity_but_retained_directional_profile_gain,relative-reuse-compact-layout-r2-cap240-uniform
on_compact_a_answer,542f374eebfdb6e6687e7b5b3064a1e41b9054503a248b6933362fe772e97f03,100000,uniform,24000000,24009434.52804712,24007352.739805058,0.008670709173213241,2499,4,0,false,best_failed_uniform_capacity_point,relative-reuse-compact-a-r2-cap240-uniform
on_compact_a_answer_rss19,542f374eebfdb6e6687e7b5b3064a1e41b9054503a248b6933362fe772e97f03,100000,uniform,24000000,23989714.82015197,23982441.871361285,0.03031694559609037,2575,0,0,false,rejected_omit_requester_and_server_queue_9,relative-reuse-rss19-compacta-r10-uniform
on_compact_a_answer_rss10,542f374eebfdb6e6687e7b5b3064a1e41b9054503a248b6933362fe772e97f03,100000,uniform,24000000,21565287.52434386,14357191.056498876,33.424532177965,367,117,0,false,rejected_high_half_rss_cluster,relative-reuse-rss10-balanced-cap24-r10-uniform
on_compact_a_answer_rss10_useful_budget,c96aea376c5fbd4e6e1ed933cb2d9349c2e0df6eec364da6f4b2d5246fec4b34,100000,uniform,24000000,21546615.002218567,14437717.360726193,32.99310653093491,383,116,0,false,rejected_high_half_rss_cluster_scheduler,relative-reuse-rss10-r3-cap24-r20-uniform
on_compact_a_answer_rss10_active_set,ddaa9d725f6d58097b024209e8870687a96fb6278164900ef4c47727ecbff06b,100000,uniform,24000000,21546997.376052648,14392400.70572635,33.204611043754625,444,113,0,false,rejected_high_half_rss_cluster_scheduler,relative-reuse-rss10-r4-cap24-r10-uniform
on_compact_a_answer_coalesce_32us_64,542f374eebfdb6e6687e7b5b3064a1e41b9054503a248b6933362fe772e97f03,100000,uniform,24000000,24009442.311162323,24004696.81068304,0.01976514247096096,2385,10,0,false,rejected_queue_4_9_coalescing,relative-reuse-coalesce32-r10-uniform
on_compact_a_answer_coalesce_128us_256,542f374eebfdb6e6687e7b5b3064a1e41b9054503a248b6933362fe772e97f03,100000,uniform,24000000,24009456.491290726,24005305.582030453,0.01728864317182339,2442,7,0,false,rejected_queue_4_9_coalescing,relative-reuse-coalesce128-r10-uniform
