revision,variant,zones,requested_qps,tx_packets,positive_packets,duration_seconds,positive_qps,loss_percent,cold_probes,cold_errors,passed,window_queued_packets,window_tx_kicks,window_send_batches,snapshot_seconds,snapshot_rx_out_of_buffer,snapshot_tx_global_pause,snapshot_tx_global_pause_duration_us,binary_sha256,label
r1,off,100000,22000000,660065280,660064256,30.000224896,22001976.928113226,0.0001551361707738968,2574,0,True,880079230,13788509,13788509,44.234336137771606,0,0,0,ceb570204970834c77581f98bac80c1ef24528adb01ce63feeed6e8440c3f59c,relative-reuse-wakeladder-r1-off-00-uniform-r0
r1,off,100000,24000000,720287488,720264832,30.000190944,24008674.922919184,0.0031454107391075494,2535,2,False,960364014,15030977,15030977,44.3751904964447,21698,3201312,9714329,ceb570204970834c77581f98bac80c1ef24528adb01ce63feeed6e8440c3f59c,relative-reuse-wakeladder-r1-off-00-uniform-r1
r1,on,100000,22000000,660065472,660063577,30.000152704,22002007.24018288,0.00028709273252214594,2574,0,True,880087921,7793423,13789155,44.25720238685608,448,0,0,ae74b809b7cc788786f36588f3acecc5635daf795e421a93e67b45c99aab8077,relative-reuse-wakeladder-r1-on-10-uniform-r0
r1,on,100000,24000000,720287104,720260706,30.000168384,24008555.44478,0.003664927478696051,2536,2,False,960358907,2613474,15032750,44.26158428192139,24687,3290906,9996814,ae74b809b7cc788786f36588f3acecc5635daf795e421a93e67b45c99aab8077,relative-reuse-wakeladder-r1-on-10-uniform-r1
r1,on,100000,22000000,660065344,660065280,30.000211456,22002020.91802216,9.69600973324241e-06,2574,0,True,880089495,7766721,13788725,44.661282539367676,0,0,0,ae74b809b7cc788786f36588f3acecc5635daf795e421a93e67b45c99aab8077,relative-reuse-wakeladder-r1-on-20-uniform-r0
r1,on,100000,24000000,720287872,720201585,30.000205424,24006555.11591406,0.01197951587889571,2461,6,False,960299538,2598182,15030854,44.40483260154724,83536,3208392,9746812,ae74b809b7cc788786f36588f3acecc5635daf795e421a93e67b45c99aab8077,relative-reuse-wakeladder-r1-on-20-uniform-r1
r1,off,100000,22000000,660065152,660064512,30.000168064,22002027.14171035,9.696012553621373e-05,2574,0,True,880088791,13788481,13788481,44.14524745941162,0,0,0,ceb570204970834c77581f98bac80c1ef24528adb01ce63feeed6e8440c3f59c,relative-reuse-wakeladder-r1-off-30-uniform-r0
r1,off,100000,24000000,720288064,720222231,30.000234256,24007220.238820527,0.009139815483600738,2498,4,False,960319753,15030689,15030689,44.069358348846436,65375,3121338,9455395,ceb570204970834c77581f98bac80c1ef24528adb01ce63feeed6e8440c3f59c,relative-reuse-wakeladder-r1-off-30-uniform-r1
r2,off,100000,24000000,720288064,720215136,30.00019704,24007013.521935187,0.010124838053681811,2517,3,False,960314171,15049199,15049199,44.31527304649353,70800,3224144,9783433,b720b336e8d1e52255556d58927a348ebdc3d4d9f2c5472981141850c4d135ce,relative-reuse-wake-r2-off-00-uniform-r0
r2,on,100000,24000000,720287616,720275662,30.000196112,24009031.784691952,0.0016596148169788886,2574,0,True,960375781,3566406,15051765,44.295878648757935,9265,3109772,9400026,aef4dbb1d9c98ab456c15f6ad29ab7aa418c965d265362145c2eafc1f9cce93a,relative-reuse-wake-r2-on-10-uniform-r0
r2,on,100000,24000000,720287680,720221364,30.00013616,24007269.839004625,0.009206876896742147,2479,5,False,960320039,3697390,15051433,44.34145927429199,65489,3128692,9455345,aef4dbb1d9c98ab456c15f6ad29ab7aa418c965d265362145c2eafc1f9cce93a,relative-reuse-wake-r2-on-20-uniform-r0
r2,off,100000,24000000,720287360,720258809,30.000202256,24008465.10479606,0.003963834656212765,2517,3,False,960357157,15051273,15051273,44.27883839607239,28217,3172206,9597175,b720b336e8d1e52255556d58927a348ebdc3d4d9f2c5472981141850c4d135ce,relative-reuse-wake-r2-off-30-uniform-r0
