server,zones,soa_refresh_seconds,instance,window,requested_qps,tx_packets,positive_packets,send_seconds,positive_qps,loss_percent,cold_probes,cold_errors,binary_sha256,evidence_label
packed-deadlines,100000,60,relative-cap0-rf-act-b0,0,5000000,150000640,150000640,30.000318496,4999968.251003731,0.0,2581,0,38713678c5843f545823c16aca7712d04bac022b1b8a24e5271f2f58648f65ce,relative-cap0-rf-act-b0-v0-w0
packed-deadlines,100000,60,relative-cap0-rf-act-b0,1,5000000,150000384,150000384,30.000284048,4999965.45899371,0.0,2582,0,38713678c5843f545823c16aca7712d04bac022b1b8a24e5271f2f58648f65ce,relative-cap0-rf-act-b0-v0-w1
packed-deadlines,100000,60,relative-cap0-rf-act-b0,2,5000000,150000576,150000576,30.0002192,4999982.666793315,0.0,2582,0,38713678c5843f545823c16aca7712d04bac022b1b8a24e5271f2f58648f65ce,relative-cap0-rf-act-b0-v0-w2
packed-deadlines,100000,60,relative-cap0-rf-act-b0,3,5000000,150000640,150000640,30.0002788,4999974.866900237,0.0,2582,0,38713678c5843f545823c16aca7712d04bac022b1b8a24e5271f2f58648f65ce,relative-cap0-rf-act-b0-v0-w3
packed-deadlines,100000,60,relative-cap0-rf-act-b0,4,5000000,150000640,150000640,30.00033072,4999966.213705793,0.0,2582,0,38713678c5843f545823c16aca7712d04bac022b1b8a24e5271f2f58648f65ce,relative-cap0-rf-act-b0-v0-w4
packed-deadlines,100000,60,relative-cap0-rf-act-b0,5,5000000,150000512,150000360,30.00017888,4999982.186772881,0.0001013329874500695,2582,0,38713678c5843f545823c16aca7712d04bac022b1b8a24e5271f2f58648f65ce,relative-cap0-rf-act-b0-v0-w5
knot,100000,60,relative-cap0-rf-act-k0,0,5000000,150000512,150000087,30.00028032,4999956.18040945,0.0002833323662255233,2581,0,dc2103fca92d3c63f959c245f6b4d9737ee932aa30a47dc2b2bf52371b95b89d,relative-cap0-rf-act-k0-v0-w0
knot,100000,60,relative-cap0-rf-act-k0,1,5000000,150000640,150000576,30.000303632,4999968.594984518,4.2666484622998945e-05,2580,0,dc2103fca92d3c63f959c245f6b4d9737ee932aa30a47dc2b2bf52371b95b89d,relative-cap0-rf-act-k0-v0-w1
knot,100000,60,relative-cap0-rf-act-k0,2,5000000,150000512,150000416,30.00033552,4999957.947136986,6.399978154741231e-05,2581,0,dc2103fca92d3c63f959c245f6b4d9737ee932aa30a47dc2b2bf52371b95b89d,relative-cap0-rf-act-k0-v0-w2
knot,100000,60,relative-cap0-rf-act-k0,3,5000000,150000576,150000406,30.000307072,4999962.355051991,0.0001133328981350045,2581,0,dc2103fca92d3c63f959c245f6b4d9737ee932aa30a47dc2b2bf52371b95b89d,relative-cap0-rf-act-k0-v0-w3
knot,100000,60,relative-cap0-rf-act-k0,4,5000000,150000512,149860002,30.000277456,4995287.200919813,0.09367301359611359,2581,0,dc2103fca92d3c63f959c245f6b4d9737ee932aa30a47dc2b2bf52371b95b89d,relative-cap0-rf-act-k0-v0-w4
knot,100000,60,relative-cap0-rf-act-k0,5,5000000,150000576,150000510,30.000319456,4999963.757719261,4.39998310406488e-05,2581,0,dc2103fca92d3c63f959c245f6b4d9737ee932aa30a47dc2b2bf52371b95b89d,relative-cap0-rf-act-k0-v0-w5
knot,100000,60,relative-cap0-rf-act-k1,0,5000000,150000640,150000258,30.000366096,4999947.584639635,0.0002546655800935249,2581,0,dc2103fca92d3c63f959c245f6b4d9737ee932aa30a47dc2b2bf52371b95b89d,relative-cap0-rf-act-k1-v0-w0
knot,100000,60,relative-cap0-rf-act-k1,1,5000000,150000512,149999859,30.000256672,4999952.521739545,0.00043533184740062754,2581,0,dc2103fca92d3c63f959c245f6b4d9737ee932aa30a47dc2b2bf52371b95b89d,relative-cap0-rf-act-k1-v0-w1
knot,100000,60,relative-cap0-rf-act-k1,2,5000000,150000384,150000352,30.00021608,4999975.720174879,2.133327872013981e-05,2581,0,dc2103fca92d3c63f959c245f6b4d9737ee932aa30a47dc2b2bf52371b95b89d,relative-cap0-rf-act-k1-v0-w2
knot,100000,60,relative-cap0-rf-act-k1,3,5000000,150000640,150000257,30.000368128,4999947.21264775,0.00025533224391575927,2581,0,dc2103fca92d3c63f959c245f6b4d9737ee932aa30a47dc2b2bf52371b95b89d,relative-cap0-rf-act-k1-v0-w3
knot,100000,60,relative-cap0-rf-act-k1,4,5000000,150000576,150000465,30.000296208,4999966.132334395,7.399971584109116e-05,2580,0,dc2103fca92d3c63f959c245f6b4d9737ee932aa30a47dc2b2bf52371b95b89d,relative-cap0-rf-act-k1-v0-w4
knot,100000,60,relative-cap0-rf-act-k1,5,5000000,150000640,150000608,30.000245184,4999979.402835003,2.1333242311499472e-05,2581,0,dc2103fca92d3c63f959c245f6b4d9737ee932aa30a47dc2b2bf52371b95b89d,relative-cap0-rf-act-k1-v0-w5
packed-deadlines,100000,60,relative-cap0-rf-act-b1,0,5000000,150000576,150000576,30.00018024,4999989.160065127,0.0,2581,0,38713678c5843f545823c16aca7712d04bac022b1b8a24e5271f2f58648f65ce,relative-cap0-rf-act-b1-v0-w0
packed-deadlines,100000,60,relative-cap0-rf-act-b1,1,5000000,150000512,150000512,30.00027976,4999970.440275654,0.0,2582,0,38713678c5843f545823c16aca7712d04bac022b1b8a24e5271f2f58648f65ce,relative-cap0-rf-act-b1-v0-w1
packed-deadlines,100000,60,relative-cap0-rf-act-b1,2,5000000,150000512,150000512,30.000176928,4999987.5787399225,0.0,2581,0,38713678c5843f545823c16aca7712d04bac022b1b8a24e5271f2f58648f65ce,relative-cap0-rf-act-b1-v0-w2
packed-deadlines,100000,60,relative-cap0-rf-act-b1,3,5000000,150000640,150000640,30.000289344,4999973.109592686,0.0,2582,0,38713678c5843f545823c16aca7712d04bac022b1b8a24e5271f2f58648f65ce,relative-cap0-rf-act-b1-v0-w3
packed-deadlines,100000,60,relative-cap0-rf-act-b1,4,5000000,150000576,150000576,30.000346944,4999961.376446674,0.0,2582,0,38713678c5843f545823c16aca7712d04bac022b1b8a24e5271f2f58648f65ce,relative-cap0-rf-act-b1-v0-w4
packed-deadlines,100000,60,relative-cap0-rf-act-b1,5,5000000,150000640,150000640,30.000270992,4999976.168215274,0.0,2582,0,38713678c5843f545823c16aca7712d04bac022b1b8a24e5271f2f58648f65ce,relative-cap0-rf-act-b1-v0-w5
packed-deadlines,100000,60,relative-cap0-rf-act-b2a,0,5000000,150000640,150000640,30.00018048,4999991.253385953,0.0,2582,0,38713678c5843f545823c16aca7712d04bac022b1b8a24e5271f2f58648f65ce,relative-cap0-rf-act-b2a-v0-w0
packed-deadlines,100000,60,relative-cap0-rf-act-b2a,1,5000000,150000448,150000448,30.000297552,4999965.341677088,0.0,2581,0,38713678c5843f545823c16aca7712d04bac022b1b8a24e5271f2f58648f65ce,relative-cap0-rf-act-b2a-v0-w1
packed-deadlines,100000,60,relative-cap0-rf-act-b2a,2,5000000,150000576,150000576,30.000281872,4999972.221594332,0.0,2582,0,38713678c5843f545823c16aca7712d04bac022b1b8a24e5271f2f58648f65ce,relative-cap0-rf-act-b2a-v0-w2
packed-deadlines,100000,60,relative-cap0-rf-act-b2a,3,5000000,150000512,150000512,30.000302032,4999966.72833497,0.0,2581,0,38713678c5843f545823c16aca7712d04bac022b1b8a24e5271f2f58648f65ce,relative-cap0-rf-act-b2a-v0-w3
packed-deadlines,100000,60,relative-cap0-rf-act-b2a,4,5000000,150000640,150000640,30.00030176,4999971.040291296,0.0,2581,0,38713678c5843f545823c16aca7712d04bac022b1b8a24e5271f2f58648f65ce,relative-cap0-rf-act-b2a-v0-w4
packed-deadlines,100000,60,relative-cap0-rf-act-b2a,5,5000000,150000640,150000640,30.000262944,4999977.509530458,0.0,2582,0,38713678c5843f545823c16aca7712d04bac022b1b8a24e5271f2f58648f65ce,relative-cap0-rf-act-b2a-v0-w5
knot,100000,60,relative-cap0-rf-act-k2,0,5000000,150000576,149781752,30.000299792,4992675.174530802,0.1458821064793778,2581,0,dc2103fca92d3c63f959c245f6b4d9737ee932aa30a47dc2b2bf52371b95b89d,relative-cap0-rf-act-k2-v0-w0
knot,100000,60,relative-cap0-rf-act-k2,1,5000000,150000640,150000512,30.000293392,4999968.168311305,8.533296924599789e-05,2581,0,dc2103fca92d3c63f959c245f6b4d9737ee932aa30a47dc2b2bf52371b95b89d,relative-cap0-rf-act-k2-v0-w1
knot,100000,60,relative-cap0-rf-act-k2,2,5000000,150000512,150000480,30.0003552,4999956.800511482,2.1333260515804107e-05,2581,0,dc2103fca92d3c63f959c245f6b4d9737ee932aa30a47dc2b2bf52371b95b89d,relative-cap0-rf-act-k2-v0-w2
knot,100000,60,relative-cap0-rf-act-k2,3,5000000,150000640,150000535,30.000394688,4999952.052630808,6.999970133460764e-05,2581,0,dc2103fca92d3c63f959c245f6b4d9737ee932aa30a47dc2b2bf52371b95b89d,relative-cap0-rf-act-k2-v0-w3
knot,100000,60,relative-cap0-rf-act-k2,4,5000000,150000512,150000413,30.000302816,4999963.297703802,6.599977472076896e-05,2581,0,dc2103fca92d3c63f959c245f6b4d9737ee932aa30a47dc2b2bf52371b95b89d,relative-cap0-rf-act-k2-v0-w4
knot,100000,60,relative-cap0-rf-act-k2,5,5000000,150000640,150000385,30.000361872,4999952.521906033,0.0001699992746697614,2580,0,dc2103fca92d3c63f959c245f6b4d9737ee932aa30a47dc2b2bf52371b95b89d,relative-cap0-rf-act-k2-v0-w5
