"run","member_zones","distribution","target_qps","offered_qps","positive_qps","loss_percent","tail_probes","tail_timeouts","successful_tail_p99_us","successful_tail_max_us","server_queue_max_min_ratio","original_harness_pass"
"m1000-r2-hot-v0",1000,"hot",18000000,18001689.73306834,18001125.30267396,0.003135430077683562,2575,0,713.3753970265388,3012.1272429823875,1.0002457687876585,true
"m1000-r2-hot-v1",1000,"hot",18000000,18001658.482351933,18001658.482351933,0.0,2574,0,690.1919841766357,811.9996637105942,1.0000697156534584,true
"m1000-r2-hot-v2",1000,"hot",18000000,18001656.61591911,18001163.819274858,0.00273750719040038,2556,1,701.8875330686569,1422.3204925656319,1.0002098005294797,false
"m1000-r3-zipf-v0",1000,"zipf",14750000,14749184.780847548,14749184.047519056,0.000004971993394010697,2575,0,729.3438538908958,1003.040000796318,1.0000916319891173,true
"m1000-r3-zipf-v1",1000,"zipf",14750000,14749211.05551611,14749211.05551611,0.0,2574,0,721.1361080408096,1027.3763909935951,1.0000915980890104,true
"m1000-r3-zipf-v2",1000,"zipf",14750000,14749174.084564522,14749174.084564522,0.0,2575,0,753.6159828305244,992.4964979290962,1.0000959714110285,true
"m1000-r3-uniform-v0",1000,"uniform",12500000,12499923.933887094,12499917.533933686,0.00005119993883313974,2575,0,866.5602654218674,1140.1604861021042,1.00013116436515,true
"m1000-r3-uniform-v1",1000,"uniform",12500000,12499891.934267597,12499885.534322927,0.0000512,2576,0,876.1761710047722,1244.5757165551186,1.000108160553782,true
"m1000-r3-uniform-v2",1000,"uniform",12500000,12499943.226905145,12499943.226905145,0.0,2575,0,913.0081161856651,1171.9521135091782,1.0001081205535773,true
"m10000-hot-v0",10000,"hot",18000000,18001572.176984444,18001572.176984444,0.0,2575,0,714.7835567593575,1376.1920854449272,1.000098187462225,true
"m10000-hot-v1",10000,"hot",18000000,18001661.531621497,18001633.798485875,0.00015405875492795443,2575,0,685.2159276604652,1061.8241503834724,1.000078631480056,true
"m10000-hot-v2",10000,"hot",18000000,18001671.360852435,18000943.89845743,0.004041082521867767,2575,0,706.816092133522,1035.7759892940521,1.0003809410240727,true
"m10000-zipf-v0",10000,"zipf",11250000,11248541.86706159,11248541.86706159,0.0,2575,0,955.7604789733887,1220.4637750983238,1.0001201485414688,true
"m10000-zipf-v1",10000,"zipf",11250000,11248512.0536936,11248512.0536936,0.0,2576,0,940.1757270097733,1109.5525696873665,1.0001116582602931,true
"m10000-zipf-v2",10000,"zipf",11250000,11248547.261585923,11248547.261585923,0.0,2575,0,974.9121963977814,2096.3046699762344,1.00011730340323,true
"m10000-uniform-v0",10000,"uniform",7500000,7499012.919988679,7499012.919988679,0.0,2577,0,1001.8721222877502,1237.615942955017,1.0001718205268255,true
"m10000-uniform-v1",10000,"uniform",7500000,7499012.611961842,7499012.611961842,0.0,2577,0,999.3761777877808,1386.895775794983,1.0001718205268255,true
"m10000-uniform-v2",10000,"uniform",7500000,7499017.046493935,7498901.414238233,0.001541965500084348,2577,0,981.3923388719559,1272.8478759527206,1.0003733197858753,true
"m100000-hot-v6",100000,"hot",15250000,15255388.569256354,15255388.569256354,0.0,2575,0,620.8643317222595,1580.6397423148155,1.00008649364529,true
"m100000-hot-v7",100000,"hot",15250000,15255399.81021267,15255393.410262195,0.00004195203372272279,2575,0,635.8874961733818,1481.6317707300186,1.0000843960350971,true
"m100000-hot-v8",100000,"hot",15250000,15255405.479466854,15255392.679559361,0.00008390407917860143,2575,0,626.6077980399132,1315.3431937098503,1.0000990801377723,true
"m100000-zipf-v3",100000,"zipf",7000000,7000304.62717901,7000304.62717901,0.0,2578,0,952.000729739666,2428.8473650813103,1.0001887056591698,true
"m100000-zipf-v4",100000,"zipf",7000000,7000309.801049237,6999835.2710102815,0.00677870054957948,2578,0,926.3195097446442,1462.7836644649506,1.0007330795687908,true
"m100000-zipf-v5",100000,"zipf",7000000,7000300.892203246,7000300.892203246,0.0,2578,0,953.8726881146431,2493.792213499546,1.0001932768787714,true
"m100000-uniform-v0",100000,"uniform",5000000,4999974.509572046,4999884.910411124,0.0017919923541659555,2582,0,960.3360667824745,2623.0718940496445,1.000411860625884,true
"m100000-uniform-v1",100000,"uniform",5000000,4999956.709818969,4999956.709818969,0.0,2582,0,956.8314999341965,3219.2161306738853,1.0002646,true
"m100000-uniform-v2",100000,"uniform",5000000,4999969.706979452,4999882.241215899,0.0017493258695429567,2582,0,929.4552728533745,3138.4481117129326,1.0005207333077268,true
"m1000000-r5-hot-v0",1000000,"hot",11000000,11000980.163382066,11000777.465329697,0.0018425453855803616,2576,0,793.1999862194061,4852.239973843098,1.0002043205593665,true
"m1000000-r5-hot-v1",1000000,"hot",11000000,11000999.669306654,11000909.836694619,0.0008165858988977575,2576,0,889.0563622117043,4336.624406278133,1.0001170844375147,true
"m1000000-r5-hot-v2",1000000,"hot",11000000,11000982.410494484,11000897.07796364,0.0007756810042897098,2575,0,987.0883077383041,5938.575603067875,1.0001548541761813,true
"m1000000-r5-zipf-v0",1000000,"zipf",4000000,3999949.5068245917,3999949.5068245917,0.0,2582,0,918.8316762447357,5291.840061545372,1.00032275,true
"m1000000-r5-zipf-v1",1000000,"zipf",4000000,3999950.217206025,3999950.217206025,0.0,2583,0,883.0241858959198,6984.672509133816,1.000322875,true
"m1000000-r5-zipf-v2",1000000,"zipf",4000000,3999989.5765604954,3999989.5765604954,0.0,2582,0,967.4886241555214,6763.055920600891,1.00032275,true
"m1000000-r5-uniform-v0",1000000,"uniform",3000000,2999845.0813551047,2999845.0813551047,0.0,2583,0,906.9917723536491,20511.183887720108,1.0004305183687838,true
"m1000000-r5-uniform-v1",1000000,"uniform",3000000,2999843.4894411233,2999843.4894411233,0.0,2584,0,1126.735471189022,12580.719776451588,1.0004200179207645,true
"m1000000-r5-uniform-v2",1000000,"uniform",3000000,2999805.454270502,2999805.454270502,0.0,2584,0,2128.399908542633,17275.087535381317,1.0004413568723665,true
