server,zones,repeat,target_qps,offered_qps,positive_qps,loss_percent,tx_packets,positive_packets,send_duration_seconds,cold_probes,cold_errors,binary_sha256,evidence_label
BoronDNS packed,1000,0,17000000,17006704.936643943,17006700.670003,2.5087992999446432e-05,510204224,510204096,30.000180864,2574,0,d68518573dd576804ec7b5ca6c5cd07768f74d3053eb32f8fb89727b60fcfe9f,relative-reuse-capacity-boron-small-fb-00-uniform
BoronDNS packed,1000,1,17000000,17006693.058499172,17006693.058499172,0.0,510204992,510204992,30.000246976,2574,0,d68518573dd576804ec7b5ca6c5cd07768f74d3053eb32f8fb89727b60fcfe9f,relative-reuse-capacity-boron-small-fb-10-uniform
BoronDNS packed,1000,2,17000000,17006670.61886606,17006670.61886606,0.0,510204672,510204672,30.000267744,2574,0,d68518573dd576804ec7b5ca6c5cd07768f74d3053eb32f8fb89727b60fcfe9f,relative-reuse-capacity-boron-small-fb-20-uniform
BoronDNS packed,100000,0,13000000,13003808.714949263,13003808.714949263,0.0,390116800,390116800,30.000195216,2575,0,d68518573dd576804ec7b5ca6c5cd07768f74d3053eb32f8fb89727b60fcfe9f,relative-reuse-capacity-boron-large-00-uniform
BoronDNS packed,100000,1,13000000,13003806.920119744,13003806.920119744,0.0,390116928,390116928,30.0002092,2575,0,d68518573dd576804ec7b5ca6c5cd07768f74d3053eb32f8fb89727b60fcfe9f,relative-reuse-capacity-boron-large-10-uniform
BoronDNS packed,100000,2,13000000,13003734.356320385,13003734.356320385,0.0,390116928,390116928,30.000376608,2575,0,d68518573dd576804ec7b5ca6c5cd07768f74d3053eb32f8fb89727b60fcfe9f,relative-reuse-capacity-boron-large-20-uniform
Knot 3.6.0,1000,0,16000000,15999931.213095728,15999515.28155057,0.0025995833333333335,480000000,479987522,30.000128976,2575,0,dc2103fca92d3c63f959c245f6b4d9737ee932aa30a47dc2b2bf52371b95b89d,relative-reuse-capacity-knot-small-fb-00-uniform
Knot 3.6.0,1000,1,16000000,15999896.081797032,15999896.081797032,0.0,480000256,480000256,30.000210848,2575,0,dc2103fca92d3c63f959c245f6b4d9737ee932aa30a47dc2b2bf52371b95b89d,relative-reuse-capacity-knot-small-fb-10-uniform
Knot 3.6.0,1000,2,16000000,15999894.946921147,15999894.946921147,0.0,480000448,480000448,30.000224976,2574,0,dc2103fca92d3c63f959c245f6b4d9737ee932aa30a47dc2b2bf52371b95b89d,relative-reuse-capacity-knot-small-fb-20-uniform
Knot 3.6.0,100000,0,6000000,6000556.92511829,6000537.425256536,0.00032496753213278955,180017984,180017399,30.000212688,2578,0,dc2103fca92d3c63f959c245f6b4d9737ee932aa30a47dc2b2bf52371b95b89d,relative-reuse-capacity-knot-large-00-uniform
Knot 3.6.0,100000,1,6000000,6000550.322959595,6000539.889711709,0.00017387151719241563,180017984,180017671,30.000245696,2579,0,dc2103fca92d3c63f959c245f6b4d9737ee932aa30a47dc2b2bf52371b95b89d,relative-reuse-capacity-knot-large-10-uniform
Knot 3.6.0,100000,2,6000000,6000563.406947905,6000549.507026494,0.00023164360525885423,180017920,180017503,30.000169616,2579,0,dc2103fca92d3c63f959c245f6b4d9737ee932aa30a47dc2b2bf52371b95b89d,relative-reuse-capacity-knot-large-20-uniform
