requirement_id	phase	status	verification_method	local_evidence	short_artifact_inputs	remaining_release_gap
ODS-FR-ZSM-001	Engineering-MVP	partial	unit-test	crates/oxidedns-server/src/tests.rs::runtime_initializes_loading_zones; crates/oxidedns-server/src/tests.rs::runtime_initial_load_honors_transfer_concurrency_limit; crates/oxidedns-server/src/tests.rs::runtime_initial_load_publishes_zone_snapshot	scripts/check.sh	Release acceptance may add broader many-zone startup traces against release binaries and real primary versions.
ODS-FR-ZSM-002	Engineering-MVP	partial	unit-test	crates/oxidedns-server/src/tests.rs::refresh_registry_applies_initial_load_exponential_backoff; crates/oxidedns-core/src/config.rs::parses_custom_zsm_intervals; crates/oxidedns-core/src/config.rs::rejects_initial_retry_max_below_initial_retry	scripts/check.sh	Release acceptance may add longer unreachable-primary continuity traces; Engineering MVP keeps this to deterministic backoff tests.
ODS-FR-ZSM-003	Engineering-MVP	partial	unit-test	crates/oxidedns-server/src/tests.rs::refresh_registry_schedules_refresh_and_retry; crates/oxidedns-server/src/tests.rs::notify_refresh_worker_publishes_requested_refresh; crates/oxidedns-server/src/tests.rs::notify_refresh_signalling_records_metrics; scripts/interop-bind-notify-refresh.sh	scripts/check.sh; scripts/interop-bind-notify-refresh.sh	Release acceptance may refresh multi-primary NOTIFY artifacts; Engineering MVP uses unit tests and short interop hooks.
ODS-FR-ZSM-004	Engineering-MVP	partial	unit-test	crates/oxidedns-server/src/tests.rs::runtime_initial_load_publishes_zone_snapshot; crates/oxidedns-server/src/tests.rs::refresh_registry_schedules_refresh_and_retry; crates/oxidedns-server/src/tests.rs::refresh_skips_axfr_when_soa_poll_confirms_current_serial	scripts/check.sh	Release acceptance may add release-binary refresh-cycle timing traces; Engineering MVP relies on deterministic registry and refresh tests.
ODS-FR-ZSM-005	Engineering-MVP	partial	unit-test	crates/oxidedns-server/src/tests.rs::ixfr_cooldown_registry_disables_until_cooldown_expires; crates/oxidedns-server/src/tests.rs::refresh_uses_axfr_during_ixfr_disabled_cooldown; scripts/interop-ixfr-notimp-fallback.sh	scripts/check.sh; scripts/interop-ixfr-notimp-fallback.sh	Release acceptance may add broader real-primary IXFR capability evidence where primary support permits it.
ODS-FR-ZSM-006	Engineering-MVP	partial	unit-test	crates/oxidedns-server/src/tests.rs::refresh_skips_axfr_when_soa_poll_confirms_current_serial; crates/oxidedns-server/src/tests.rs::serial_after_handles_wraparound; crates/oxidedns-server/src/tests.rs::poll_soa_from_primary_reads_udp_response	scripts/check.sh	Release acceptance may add release-binary SOA poll traces across primary variants; Engineering MVP keeps local serial and poll behavior covered.
ODS-FR-ZSM-014	Engineering-MVP	partial	unit-test	crates/oxidedns-core/src/axfr.rs::builds_soa_query_wire_message; crates/oxidedns-server/src/tests.rs::poll_soa_from_primary_reads_udp_response; crates/oxidedns-server/src/tests.rs::poll_soa_from_primary_verifies_signed_tsig_response; crates/oxidedns-server/src/tests.rs::poll_soa_from_primary_ignores_udp_packet_from_unconnected_peer	scripts/check.sh	Release acceptance may add packet captures for SOA poll wire format and TCP fallback; Engineering MVP keeps construction and validation tests.
ODS-FR-ZSM-007	Engineering-MVP	partial	unit-test	crates/oxidedns-core/src/dns.rs::notify_embedded_soa_matching_question_is_accepted; crates/oxidedns-core/src/dns.rs::notify_embedded_soa_accepts_compressed_rdata_names; crates/oxidedns-server/src/tests.rs::notify_refresh_worker_publishes_requested_refresh	scripts/check.sh	Release acceptance may add primary-side NOTIFY SOA serial relationship artifacts; Engineering MVP keeps embedded-SOA parsing and refresh signaling tests.
ODS-FR-ZSM-008	Engineering-MVP	partial	unit-test	crates/oxidedns-server/src/tests.rs::refresh_registry_schedules_refresh_and_retry; crates/oxidedns-server/src/tests.rs::refresh_registry_applies_initial_load_exponential_backoff; crates/oxidedns-server/src/tests.rs::refresh_registry_does_not_warn_for_active_refresh_failures	scripts/check.sh	Release acceptance may add broader transfer-abort failure injection traces; Engineering MVP covers scheduler retry state deterministically.
ODS-FR-ZSM-009	Engineering-MVP	partial	unit-test	crates/oxidedns-server/src/tests.rs::refresh_registry_expires_zone_once; crates/oxidedns-server/src/tests.rs::scheduled_refresh_worker_expires_zone_and_enqueues_refresh	scripts/check.sh	Release acceptance may add long unreachable-primary expiration and recovery traces; Engineering MVP avoids long-running evidence.
ODS-FR-ZSM-010	Engineering-MVP	partial	unit-test	crates/oxidedns-server/src/tests.rs::zsm_jitter_stays_within_ten_percent_bounds; crates/oxidedns-server/src/tests.rs::refresh_registry_schedules_refresh_and_retry	scripts/check.sh	Release acceptance may add statistical distribution analysis; Engineering MVP uses bounded deterministic range tests.
ODS-FR-ZSM-011	Engineering-MVP	partial	unit-test	crates/oxidedns-server/src/tests.rs::refresh_registry_clamps_soa_intervals_to_configured_bounds; crates/oxidedns-server/src/tests.rs::refresh_registry_warns_when_soa_timers_approach_maximum_effective_interval; crates/oxidedns-core/src/config.rs::rejects_zsm_max_interval_below_min_interval	scripts/check.sh	Release acceptance may add release-binary timing artifacts; Engineering MVP covers configured bounds and warnings locally.
ODS-FR-ZSM-012	Engineering-MVP	partial	integration-test	crates/oxidedns-cli/tests/signal.rs::serve_exits_successfully_on_sigterm; crates/oxidedns-server/src/tests.rs::runtime_reports_draining_until_initial_transfer_releases; crates/oxidedns-server/src/tests.rs::health_endpoint_reports_draining_and_unready_during_shutdown	scripts/check.sh; scripts/capture-signal-evidence.sh	Release acceptance may add transfer-specific shutdown traces; Engineering MVP covers signal and draining behavior in short tests.
ODS-FR-ZSM-013	Engineering-MVP	partial	integration-test	crates/oxidedns-server/src/tests.rs::metrics_body_reports_loading_duration_seconds; crates/oxidedns-server/src/tests.rs::refresh_registry_emits_repeated_long_loading_warnings; crates/oxidedns-server/src/tests.rs::long_loading_warning_log_contains_operator_fields; scripts/capture-log-evidence.sh	scripts/check.sh; scripts/capture-log-evidence.sh	Release acceptance may add longer operational alerting evidence; Engineering MVP covers fields, repetition logic, metrics, and short log capture.
